[
    {
        "id": 1,
        "insdate": "2019-08-25T15:14:30.394Z",
        "product": 17,
        "category": "aquariums",
        "userName": "Huba Buba G",
        "userEmail": "hubabuba@gmail.com",
        "shippingAddress": "Rágógumi  tér 2.",
        "quantity": 1
    },
    {
        "id": 2,
        "insdate": "2019-08-25T15:15:10.604Z",
        "product": 12,
        "category": "corals",
        "userName": "Kedves Katalin",
        "userEmail": "kedves.kati@hotmail.com",
        "shippingAddress": "Szivárvány utca 74.",
        "quantity": 4
    },
    {
        "id": 3,
        "insdate": "2019-08-25T15:16:32.151Z",
        "product": 5,
        "category": "fishes",
        "userName": "Nagy Árpád",
        "userEmail": "nagy.arpi@kiajani.hu",
        "shippingAddress": "Keménygyerek út 7.",
        "quantity": 2
    },
    {
        "id": 4,
        "insdate": "2019-08-25T15:13:26.337Z",
        "product": 8,
        "category": "plants",
        "userName": "Sörös Piroska",
        "userEmail": "soros.piroska@freemail.hu",
        "shippingAddress": "Kocsma utca 15.",
        "quantity": 3
    },
    {
        "id": 5,
        "insdate": "2019-08-25T15:22:10.611Z",
        "product": "9",
        "category": "tools",
        "userName": "Panda Péter",
        "userEmail": "pPpanda@bambusz.com",
        "shippingAddress": "Lócitrom utca 34.",
        "quantity": 2
    },
    {
        "id": 6,
        "insdate": "2019-08-25T15:25:23.256Z",
        "product": 2,
        "category": "fishes",
        "userName": "Zsiráf Zsanett",
        "userEmail": "zsanettzsiri@gmail.com",
        "shippingAddress": "Magaslomb út 17.",
        "quantity": 3
    },
    {
        "id": 7,
        "insdate": "2019-08-25T18:05:50.058Z",
        "product": 2,
        "category": "fishes",
        "userName": "Kiss Béla",
        "userEmail": "kissbela@gmail.com",
        "shippingAddress": "Fa utca 5",
        "quantity": 2
    },
    {
        "id": 8,
        "insdate": "2019-08-26T11:57:54.055Z",
        "product": 20,
        "category": "plants",
        "userName": "Malac Máté",
        "userEmail": "malacka@freemail.hu",
        "shippingAddress": "Százholdas pagony 1.",
        "quantity": 2
    },
    {
        "id": 9,
        "insdate": "2019-08-26T14:01:42.710Z",
        "product": 9,
        "category": "tools",
        "userName": "Tappancsos Olivér",
        "userEmail": "oliver@gmail.com",
        "shippingAddress": "Muzsika utca 41.",
        "quantity": 3
    },
    {
        "id": 10,
        "insdate": "2019-08-28T11:43:45.619Z",
        "product": 6,
        "category": "plants",
        "userName": "Szilvia Horváth",
        "userEmail": "horvath.szilvia.ildiko@gmail.com",
        "shippingAddress": "Nefelejcs u 23/C",
        "quantity": 1
    },
    {
        "id": 11,
        "insdate": "2019-08-30T12:12:17.876Z",
        "product": 2,
        "category": "fishes",
        "userName": "Edit Edit",
        "userEmail": "edit@edit.edit",
        "shippingAddress": "Szerkesztő utca 3",
        "quantity": 1
    },
    {
        "id": 13,
        "insdate": "2019-08-30T14:32:41.423Z",
        "product": 2,
        "category": "fishes",
        "userName": "Suzana Strong",
        "userEmail": "suzana.strong@gmail.com",
        "shippingAddress": "Zsazsa utca 34.",
        "quantity": 1
    },
    {
        "id": 15,
        "insdate": "2019-08-30T15:00:33.712Z",
        "product": 1,
        "category": "fishes",
        "userName": "Nagy Edit",
        "userEmail": "nagyedit@gmail.com",
        "shippingAddress": "Nagy utca 34",
        "quantity": 2
    },
    {
        "id": 16,
        "insdate": "2019-08-30T16:27:13.885Z",
        "product": "15",
        "category": "tools",
        "userName": "Blabla",
        "userEmail": "bla@bla.hu",
        "shippingAddress": "Blaha Lujza tér 3",
        "quantity": 1
    },
    {
        "id": 19,
        "insdate": "2019-08-30T16:33:18.976Z",
        "product": 10,
        "category": "corals",
        "userName": "Nagy Edit",
        "userEmail": "nagyedit@gmail.com",
        "shippingAddress": "fa utca 566",
        "quantity": 2
    },
    {
        "id": 20,
        "insdate": "2019-09-02T10:48:51.061Z",
        "product": 2,
        "category": "fishes",
        "userName": "Bird",
        "userEmail": "strong.bird@aquacine.co.uk",
        "shippingAddress": "Magaslomb út 17.",
        "quantity": 4
    },
    {
        "id": 21,
        "insdate": "2019-09-02T10:52:44.559Z",
        "product": "22",
        "category": "",
        "userName": "Huba Buba",
        "userEmail": "madar.kata@gmail.com",
        "shippingAddress": "Magaslomb út 17.",
        "quantity": 3
    },
    {
        "id": 22,
        "insdate": "2019-09-02T10:52:44.559Z",
        "product": "22",
        "category": "plants",
        "userName": "Huba Buba",
        "userEmail": "madar.kata@gmail.com",
        "shippingAddress": "Magaslomb út 17.",
        "quantity": 3
    }
]