[
    {
        "id": 1,
        "name": "Catfish",
        "price": 3500,
        "category": "fishes",
        "img": "https://images-na.ssl-images-amazon.com/images/I/61TZoRgFfML._SL1000_.jpg",
        "img2": "https://thevlm.org/wp-content/uploads/two-white-cats.jpg",
        "details1": "lorem ipsum",
        "reviews": [
            {
                "text": "Great fish!",
                "rate": 5,
                "from": "Béla"
            },
            {
                "text": "Ez a hal szép",
                "rate": 5,
                "from": "Szilvi"
            },
            {
                "text": "Ez a hal ronda dög, nem jó",
                "rate": 1,
                "from": "Karesz"
            }
        ],
        "details": "Lorem ipsum dolor sit amet, consectetur adipiscing elit. Cras lobortis velit odio, a pulvinar nibh faucibus eget. Donec dictum, massa in efficitur tristique, nulla odio congue elit, ac iaculis risus lectus a leo. Donec lobortis nulla non diam porttitor, in convallis sem vehicula. Ut eleifend sapien sit amet ante blandit venenatis. In massa nibh, euismod ut massa nec, imperdiet cursus lectus. "
    },
    {
        "id": 2,
        "name": "Seahorse",
        "price": "2500",
        "category": "fishes",
        "img": "https://www.olaboats.com/images/noticias/fauna-marina-ibiza/fauna-marina-ibiza-1.jpg",
        "img2": "http://wallsdesk.com/wp-content/uploads/2017/01/Seahorse-Computer-Wallpaper.jpg",
        "details1": "lorem ipsum",
        "reviews": [
            {
                "text": "Vivamus auctor, justo et varius semper, lacus arcu consectetur metus, mollis pretium quam purus vel felis. Vivamus quis nibh quis justo suscipit maximus vitae vel nisl.",
                "rate": 4,
                "from": "Kincsem"
            }
        ],
        "details": "Lorem ipsum dolor sit amet, consectetur adipiscing elit. Cras lobortis velit odio, a pulvinar nibh faucibus eget. Donec dictum, massa in efficitur tristique, nulla odio congue elit, ac iaculis risus lectus a leo. Donec lobortis nulla non diam porttitor, in convallis sem vehicula. Ut eleifend sapien sit amet ante blandit venenatis. In massa nibh, euismod ut massa nec, imperdiet cursus lectus. "
    },
    {
        "id": 3,
        "name": "Clownfish",
        "price": 2000,
        "category": "fishes",
        "img": "http://vargis56.com/image/images-of-fishes-0.jpg",
        "img2": "https://cdn11.bigcommerce.com/s-wmh3qm4258/images/stencil/1280x1280/products/7317/9780/18362_main__37892.1537410079.jpg?c=2&imbypass=on&imbypass=on",
        "details1": "lorem ipsum",
        "reviews": [],
        "details": "Lorem ipsum dolor sit amet, consectetur adipiscing elit. Cras lobortis velit odio, a pulvinar nibh faucibus eget. Donec dictum, massa in efficitur tristique, nulla odio congue elit, ac iaculis risus lectus a leo. Donec lobortis nulla non diam porttitor, in convallis sem vehicula. Ut eleifend sapien sit amet ante blandit venenatis. In massa nibh, euismod ut massa nec, imperdiet cursus lectus. "
    },
    {
        "id": 4,
        "name": "Blue tang",
        "price": 3000,
        "category": "fishes",
        "img": "https://upload.wikimedia.org/wikipedia/commons/1/13/Paletten-Doktorfisch_M%C3%BCnster.JPG",
        "img2": "https://cdn1.thr.com/sites/default/files/imagecache/landscape_928x523/2014/12/dory_a_l.jpg",
        "details1": "lorem ipsum",
        "reviews": [],
        "details": "Lorem ipsum dolor sit amet, consectetur adipiscing elit. Cras lobortis velit odio, a pulvinar nibh faucibus eget. Donec dictum, massa in efficitur tristique, nulla odio congue elit, ac iaculis risus lectus a leo. Donec lobortis nulla non diam porttitor, in convallis sem vehicula. Ut eleifend sapien sit amet ante blandit venenatis. In massa nibh, euismod ut massa nec, imperdiet cursus lectus. "
    },
    {
        "id": 5,
        "name": "Sea turtle",
        "price": 5000,
        "category": "fishes",
        "img": "https://repeatingislands.files.wordpress.com/2011/02/turtle4.jpg",
        "img2": "https://media.port.hu/images/000/143/663.jpg",
        "details1": "lorem ipsum",
        "reviews": [
            {
                "text": "",
                "rate": 4,
                "from": "Rich Richard"
            }
        ],
        "details": "Lorem ipsum dolor sit amet, consectetur adipiscing elit. Cras lobortis velit odio, a pulvinar nibh faucibus eget. Donec dictum, massa in efficitur tristique, nulla odio congue elit, ac iaculis risus lectus a leo. Donec lobortis nulla non diam porttitor, in convallis sem vehicula. Ut eleifend sapien sit amet ante blandit venenatis. In massa nibh, euismod ut massa nec, imperdiet cursus lectus. "
    },
    {
        "id": 6,
        "name": "Water Sprite",
        "price": 1000,
        "category": "plants",
        "img": "https://cdn.shopify.com/s/files/1/0491/5593/products/Water_Sprite.34290254_std.jpg?v=1454745288",
        "img2": "https://cdn.shopify.com/s/files/1/1163/2672/products/P1010009_1024x1024.jpg?v=1550077635",
        "details1": "lorem ipsum",
        "reviews": [],
        "details": "Lorem ipsum dolor sit amet, consectetur adipiscing elit. Cras lobortis velit odio, a pulvinar nibh faucibus eget. Donec dictum, massa in efficitur tristique, nulla odio congue elit, ac iaculis risus lectus a leo. Donec lobortis nulla non diam porttitor, in convallis sem vehicula. Ut eleifend sapien sit amet ante blandit venenatis. In massa nibh, euismod ut massa nec, imperdiet cursus lectus. "
    },
    {
        "id": 7,
        "name": "Java Fern",
        "price": 1500,
        "category": "plants",
        "img": "https://i.ebayimg.com/images/g/15UAAOSwtPddOMqO/s-l800.jpg",
        "img2": "https://i.ytimg.com/vi/Tu33yY6QZwM/maxresdefault.jpg",
        "details1": "lorem ipsum",
        "reviews": [],
        "details": "Lorem ipsum dolor sit amet, consectetur adipiscing elit. Cras lobortis velit odio, a pulvinar nibh faucibus eget. Donec dictum, massa in efficitur tristique, nulla odio congue elit, ac iaculis risus lectus a leo. Donec lobortis nulla non diam porttitor, in convallis sem vehicula. Ut eleifend sapien sit amet ante blandit venenatis. In massa nibh, euismod ut massa nec, imperdiet cursus lectus. "
    },
    {
        "id": 8,
        "name": "Frogbit",
        "price": 12.99,
        "category": "plants",
        "img": "https://images-na.ssl-images-amazon.com/images/I/915I-C4CEpL._SL1500_.jpg",
        "img2": "http://www.invadingspecies.com/wp-content/uploads/2017/02/European-Frog-bit-credit-Wasyl-Bakowsky-MNR-1920x1080.jpg",
        "details1": "lorem ipsum",
        "reviews": [],
        "details": "Lorem ipsum dolor sit amet, consectetur adipiscing elit. Cras lobortis velit odio, a pulvinar nibh faucibus eget. Donec dictum, massa in efficitur tristique, nulla odio congue elit, ac iaculis risus lectus a leo. Donec lobortis nulla non diam porttitor, in convallis sem vehicula. Ut eleifend sapien sit amet ante blandit venenatis. In massa nibh, euismod ut massa nec, imperdiet cursus lectus. "
    },
    {
        "id": 9,
        "name": "Aquarium Fish Tank Rock Shipwrecks Hiding Cave Landscape Decor Ornament",
        "price": 500,
        "category": "tools",
        "img": "https://www.lazyliving.co.nz/image/cache/catalog/incoming/images/full/8/f/8fec1393-929f-8b37-d4d6-21a4219c3424-10049-800x800.jpeg",
        "img2": "https://ae01.alicdn.com/kf/HTB1wQpmbwjN8KJjSZFgq6zjbVXau/Imitation-Shipwreck-Sunken-Broken-Ship-Rock-Hiding-Cave-Landscape-Aquarium-Fish-Tank-Decoration-Ornament-Eco-friendly.jpg",
        "details1": "lorem ipsum",
        "reviews": [
            {
                "text": "Nam et tellus non dui vehicula commodo at a felis. Ut imperdiet id libero a egestas. Vivamus rutrum lorem magna, vitae dignissim metus sodales et.",
                "rate": 4,
                "from": "Pampam"
            }
        ],
        "details": "Lorem ipsum dolor sit amet, consectetur adipiscing elit. Cras lobortis velit odio, a pulvinar nibh faucibus eget. Donec dictum, massa in efficitur tristique, nulla odio congue elit, ac iaculis risus lectus a leo. Donec lobortis nulla non diam porttitor, in convallis sem vehicula. Ut eleifend sapien sit amet ante blandit venenatis. In massa nibh, euismod ut massa nec, imperdiet cursus lectus. "
    },
    {
        "id": 10,
        "name": "Rainbow Trachyphyllia",
        "price": 139.99,
        "category": "corals",
        "img": "https://www.reef2reef.com/attachments/image-jpg.240050/",
        "img2": "https://cache.reefbuilders.com/wp-content/blogs.dir/1/files/2016/05/rainbow-acanthophyllia.jpg",
        "details1": "lorem ipsum",
        "reviews": [
            {
                "text": "Best thing since sliced bread!",
                "rate": 5,
                "from": "Mac Donald"
            },
            {
                "text": "Good stuff, hot stuff.",
                "rate": 3,
                "from": "Sir. Error"
            },
            {
                "text": "Meh.",
                "rate": 3,
                "from": "Álmos"
            }
        ],
        "details": "Lorem ipsum dolor sit amet, consectetur adipiscing elit. Cras lobortis velit odio, a pulvinar nibh faucibus eget. Donec dictum, massa in efficitur tristique, nulla odio congue elit, ac iaculis risus lectus a leo. Donec lobortis nulla non diam porttitor, in convallis sem vehicula. Ut eleifend sapien sit amet ante blandit venenatis. In massa nibh, euismod ut massa nec, imperdiet cursus lectus. "
    },
    {
        "id": 11,
        "name": "Soft coral Kenya tree",
        "price": 20,
        "category": "corals",
        "img": "https://i.ytimg.com/vi/TAFU16tlutw/maxresdefault.jpg",
        "img2": "https://i.pinimg.com/originals/32/9a/d3/329ad32e6adda0b7f9d89c4fa73f178b.jpg",
        "details1": "lorem ipsum",
        "reviews": [
            {
                "text": "Lorem ipsum dolor sit amet, consectetur adipiscing elit. Vestibulum sollicitudin ut risus nec sollicitudin. Phasellus eget porta nibh, id malesuada enim. Vestibulum dapibus erat vitae.",
                "rate": 3,
                "from": "Babe"
            },
            {
                "text": "Lorem ipsum dolor sit amet, consectetur adipiscing elit. Vestibulum sollicitudin ut risus nec sollicitudin. Phasellus eget porta nibh, id malesuada enim. Vestibulum dapibus erat vitae.",
                "rate": 3,
                "from": "Babe"
            },
            {
                "text": "Suspendisse ligula tortor, scelerisque sed varius non, sodales vitae orci. Praesent sed venenatis velit. Quisque eu enim in dui fringilla fringilla et ut arcu. Morbi non mi pretium, faucibus erat et, varius erat. Nulla sed dolor metus. Sed sed dui sit amet nunc ullamcorper ullamcorper. ",
                "rate": 4,
                "from": "Elenore"
            }
        ],
        "details": "Lorem ipsum dolor sit amet, consectetur adipiscing elit. Cras lobortis velit odio, a pulvinar nibh faucibus eget. Donec dictum, massa in efficitur tristique, nulla odio congue elit, ac iaculis risus lectus a leo. Donec lobortis nulla non diam porttitor, in convallis sem vehicula. Ut eleifend sapien sit amet ante blandit venenatis. In massa nibh, euismod ut massa nec, imperdiet cursus lectus. "
    },
    {
        "id": 12,
        "name": "Sea anemone",
        "price": 89.99,
        "category": "corals",
        "img": "https://www.monaconatureencyclopedia.com/wp-content/uploads/2008/08/jpg_Coi_suoi_tentacoli_espansi_l_Actinia_equina_sembra_un_misterioso_fiore_marino_come_pensavano_un_tempo_i_biologi_c_Giuseppe_Mazza.jpg",
        "img2": "https://horizon-media.s3-eu-west-1.amazonaws.com/s3fs-public/field/image/172928-pxhere.comresized985.jpg",
        "details1": "lorem ipsum",
        "reviews": [],
        "details": "Lorem ipsum dolor sit amet, consectetur adipiscing elit. Cras lobortis velit odio, a pulvinar nibh faucibus eget. Donec dictum, massa in efficitur tristique, nulla odio congue elit, ac iaculis risus lectus a leo. Donec lobortis nulla non diam porttitor, in convallis sem vehicula. Ut eleifend sapien sit amet ante blandit venenatis. In massa nibh, euismod ut massa nec, imperdiet cursus lectus. "
    },
    {
        "id": 13,
        "name": "Orange cup coral",
        "price": 33,
        "category": "corals",
        "img": "https://upload.wikimedia.org/wikipedia/commons/c/c4/Extended_tentacles_of_orange_cup_coral.JPG",
        "img2": "https://cdn.shopify.com/s/files/1/0011/6208/4407/products/ART-8132.jpg?v=1542671868",
        "details1": "lorem ipsum",
        "reviews": [],
        "details": "Lorem ipsum dolor sit amet, consectetur adipiscing elit. Cras lobortis velit odio, a pulvinar nibh faucibus eget. Donec dictum, massa in efficitur tristique, nulla odio congue elit, ac iaculis risus lectus a leo. Donec lobortis nulla non diam porttitor, in convallis sem vehicula. Ut eleifend sapien sit amet ante blandit venenatis. In massa nibh, euismod ut massa nec, imperdiet cursus lectus. "
    },
    {
        "id": 14,
        "name": "Purple Stylophora",
        "price": 35,
        "category": "corals",
        "img": "https://www.tidalgardens.com/pub/media/catalog/product/cache/c9e0b0ef589f3508e5ba515cde53c5ff/i/m/img_8455.jpg",
        "img2": "https://i.pinimg.com/originals/22/01/95/220195c293e4e3e00ef5ce59cabb32d0.jpg",
        "details1": "lorem ipsum",
        "reviews": [],
        "details": "Lorem ipsum dolor sit amet, consectetur adipiscing elit. Cras lobortis velit odio, a pulvinar nibh faucibus eget. Donec dictum, massa in efficitur tristique, nulla odio congue elit, ac iaculis risus lectus a leo. Donec lobortis nulla non diam porttitor, in convallis sem vehicula. Ut eleifend sapien sit amet ante blandit venenatis. In massa nibh, euismod ut massa nec, imperdiet cursus lectus. "
    },
    {
        "id": 15,
        "name": " Fish Tank Cleaning Kit",
        "price": 8.99,
        "category": "tools",
        "img": "https://www.discountleisureproducts.co.uk/images/superfish-aqua-tools-aquarium-5-in-1-fish-tank-cleaning-kit-p1148-5704_medium.jpg",
        "img2": "https://i.ebayimg.com/images/i/292987978263-0-1/s-l1000.jpg",
        "details1": "lorem ipsum",
        "reviews": [],
        "details": "Lorem ipsum dolor sit amet, consectetur adipiscing elit. Cras lobortis velit odio, a pulvinar nibh faucibus eget. Donec dictum, massa in efficitur tristique, nulla odio congue elit, ac iaculis risus lectus a leo. Donec lobortis nulla non diam porttitor, in convallis sem vehicula. Ut eleifend sapien sit amet ante blandit venenatis. In massa nibh, euismod ut massa nec, imperdiet cursus lectus. "
    },
    {
        "id": 16,
        "name": " Suspended magnetic cleaner ",
        "price": 23.99,
        "category": "tools",
        "img": "https://cdn.shopify.com/s/files/1/1130/2850/products/glass-scraper-cleaner-aquarium-fish-tank-cleaning-tools-suspended-magnetic-cleaner-brush-aquarium-accessories-size-1_370x.jpg?v=1491112629",
        "img2": "https://alexnld.com/wp-content/uploads/2018/06/HC0422D_1.jpg",
        "details1": "lorem ipsum",
        "reviews": [],
        "details": "Lorem ipsum dolor sit amet, consectetur adipiscing elit. Cras lobortis velit odio, a pulvinar nibh faucibus eget. Donec dictum, massa in efficitur tristique, nulla odio congue elit, ac iaculis risus lectus a leo. Donec lobortis nulla non diam porttitor, in convallis sem vehicula. Ut eleifend sapien sit amet ante blandit venenatis. In massa nibh, euismod ut massa nec, imperdiet cursus lectus. "
    },
    {
        "id": 17,
        "name": "Aqueon 5 Gallon MiniBow LED Desktop Fish Aquarium Kit ",
        "price": 60.99,
        "category": "aquariums",
        "img": "https://img.chewy.com/is/image/catalog/154387_MAIN._AC_SL1500_V1540485495_.jpg",
        "img2": "https://geniaquaria.com/pub/media/catalog/product/cache/e3c3a48934c7e738c17af4784a3b9db2/T/P/TP276995.jpg",
        "details1": "lorem ipsum",
        "reviews": [
            {
                "text": "Beautiful",
                "rate": 5,
                "from": "Karesz"
            }
        ],
        "details": "Lorem ipsum dolor sit amet, consectetur adipiscing elit. Cras lobortis velit odio, a pulvinar nibh faucibus eget. Donec dictum, massa in efficitur tristique, nulla odio congue elit, ac iaculis risus lectus a leo. Donec lobortis nulla non diam porttitor, in convallis sem vehicula. Ut eleifend sapien sit amet ante blandit venenatis. In massa nibh, euismod ut massa nec, imperdiet cursus lectus. "
    },
    {
        "id": 18,
        "name": "Aqua One Horizon Aquarium Fish Tank & Cabinet 122cm 182L",
        "price": 349.99,
        "category": "aquariums",
        "img": "https://www.realaquatics.co.uk/media/catalog/product/cache/1/image/988x988/9df78eab33525d08d6e5fb8d27136e95/h/o/horizon182.jpg",
        "img2": "https://www.seaviewaquarium.com.au/persistent/catalogue_images/products/horizon1821.png",
        "details1": "lorem ipsum",
        "reviews": [],
        "details": "Lorem ipsum dolor sit amet, consectetur adipiscing elit. Cras lobortis velit odio, a pulvinar nibh faucibus eget. Donec dictum, massa in efficitur tristique, nulla odio congue elit, ac iaculis risus lectus a leo. Donec lobortis nulla non diam porttitor, in convallis sem vehicula. Ut eleifend sapien sit amet ante blandit venenatis. In massa nibh, euismod ut massa nec, imperdiet cursus lectus. "
    },
    {
        "id": 19,
        "name": "8 Gallon LED Glass Aquarium Kit",
        "price": 101.15,
        "category": "aquariums",
        "img": "https://images-na.ssl-images-amazon.com/images/I/71S0t0rHiTL._SL1300_.jpg",
        "img2": "https://images-na.ssl-images-amazon.com/images/I/71kch8TLCmL._SL1300_.jpg",
        "details1": "lorem ipsum",
        "reviews": [],
        "details": "Lorem ipsum dolor sit amet, consectetur adipiscing elit. Cras lobortis velit odio, a pulvinar nibh faucibus eget. Donec dictum, massa in efficitur tristique, nulla odio congue elit, ac iaculis risus lectus a leo. Donec lobortis nulla non diam porttitor, in convallis sem vehicula. Ut eleifend sapien sit amet ante blandit venenatis. In massa nibh, euismod ut massa nec, imperdiet cursus lectus. "
    },
    {
        "id": 20,
        "name": "Red Sea REEFER Deluxe XXL 625 White 165 gallon",
        "price": 4209,
        "category": "aquariums",
        "img": "https://www.fishtanksdirect.com/images/products/detail/625wd.jpeg",
        "img2": "https://www.fishtanksdirect.com/images/products/detail/625whitenewskimmer.png",
        "details1": "lorem ipsum",
        "reviews": [],
        "details": "Lorem ipsum dolor sit amet, consectetur adipiscing elit. Cras lobortis velit odio, a pulvinar nibh faucibus eget. Donec dictum, massa in efficitur tristique, nulla odio congue elit, ac iaculis risus lectus a leo. Donec lobortis nulla non diam porttitor, in convallis sem vehicula. Ut eleifend sapien sit amet ante blandit venenatis. In massa nibh, euismod ut massa nec, imperdiet cursus lectus. "
    },
    {
        "id": 21,
        "name": "Potted tall grass",
        "price": 8.39,
        "category": "plants",
        "img": "https://aqualeafaquatics.com/wp-content/uploads/a_giant_tall_hairgrass0.jpg",
        "img2": "http://aquariumplants.club/wp-content/uploads/imported/Potted-Tall-Hairgrass-Easy-Aquatic-Live-Plant-B019JY49GI.jpg",
        "details1": "lorem ipsum",
        "reviews": [
            {
                "text": "Aliquam vitae tempor enim. Fusce pharetra tincidunt lacus sed porttitor.",
                "rate": 4,
                "from": "Hiluluk"
            }
        ],
        "details": "Lorem ipsum dolor sit amet, consectetur adipiscing elit. Cras lobortis velit odio, a pulvinar nibh faucibus eget. Donec dictum, massa in efficitur tristique, nulla odio congue elit, ac iaculis risus lectus a leo. Donec lobortis nulla non diam porttitor, in convallis sem vehicula. Ut eleifend sapien sit amet ante blandit venenatis. In massa nibh, euismod ut massa nec, imperdiet cursus lectus. "
    },
    {
        "id": 22,
        "name": "Ammania Bonsai",
        "price": 12.99,
        "category": "plants",
        "img": "https://barrreport.com/attachments/27687219961_b3d0030f6a_k-jpg.4220/",
        "img2": "http://www.web.forumacvarist.ro/wp-content/uploads/2013/10/Ammania-Bonsai1.jpg",
        "details1": "lorem ipsum",
        "reviews": [
            {
                "text": "Aliquam interdum vehicula accumsan. Ut laoreet dui et consequat dignissim. Fusce at magna in dolor porta eleifend eu vitae felis.",
                "rate": 5,
                "from": "Bubi"
            }
        ],
        "details": "Lorem ipsum dolor sit amet, consectetur adipiscing elit. Cras lobortis velit odio, a pulvinar nibh faucibus eget. Donec dictum, massa in efficitur tristique, nulla odio congue elit, ac iaculis risus lectus a leo. Donec lobortis nulla non diam porttitor, in convallis sem vehicula. Ut eleifend sapien sit amet ante blandit venenatis. In massa nibh, euismod ut massa nec, imperdiet cursus lectus. "
    },
    {
        "id": 23,
        "name": "Anchor Hocking 4263 Goldfish Bowl-Drum, 2 Gallon",
        "price": 20.84,
        "category": "aquariums",
        "img": "https://www.tasteofhome.com/wp-content/uploads/2018/07/shutterstock_716133220.jpg",
        "img2": "https://images-na.ssl-images-amazon.com/images/I/71rUwkdGglL._SL1500_.jpg",
        "details1": "lorem ipsum",
        "reviews": [
            {
                "text": "Nullam pulvinar turpis at sem ultricies volutpat. Praesent at eros non mauris sodales pharetra. Fusce id placerat leo.",
                "rate": 5,
                "from": "Panda"
            },
            {
                "text": "Suspendisse id tempor orci, in rutrum magna. Aliquam interdum vehicula accumsan. Ut laoreet dui et consequat dignissim. Fusce at magna in dolor porta eleifend eu vitae felis.",
                "rate": 3,
                "from": "Bamba"
            }
        ],
        "details": "Lorem ipsum dolor sit amet, consectetur adipiscing elit. Cras lobortis velit odio, a pulvinar nibh faucibus eget. Donec dictum, massa in efficitur tristique, nulla odio congue elit, ac iaculis risus lectus a leo. Donec lobortis nulla non diam porttitor, in convallis sem vehicula. Ut eleifend sapien sit amet ante blandit venenatis. In massa nibh, euismod ut massa nec, imperdiet cursus lectus. "
    }
]